{"cameraMode":{"drawMode":0,"name":"Shaded","section":"Shading Mode"},"sceneLighting":false,"audioPlay":false,"sceneViewState":{"m_AlwaysRefresh":false,"showFog":true,"showSkybox":false,"showFlares":true,"showImageEffects":true,"showParticleSystems":true,"showVisualEffectGraphs":true,"m_FxEnabled":true},"in2DMode":false,"pivot":{"x":-1.4888622760772706,"y":1.3187174797058106,"z":0.018377304077148439},"rotation":{"x":-0.06623560190200806,"y":0.8707144856452942,"z":-0.1222587302327156,"w":-0.4717242419719696},"size":9.550000190734864,"orthographic":true}