{"cameraMode":{"drawMode":0,"name":"Shaded","section":"Shading Mode"},"sceneLighting":true,"audioPlay":false,"sceneViewState":{"m_AlwaysRefresh":false,"showFog":true,"showSkybox":false,"showFlares":true,"showImageEffects":true,"showParticleSystems":true,"showVisualEffectGraphs":true,"m_FxEnabled":true},"in2DMode":false,"pivot":{"x":-7.430657386779785,"y":-0.4806554317474365,"z":-0.9480161666870117},"rotation":{"x":-0.05674270540475845,"y":0.8717762231826782,"z":-0.10406553745269776,"w":-0.47534626722335818},"size":6.0073957443237309,"orthographic":false}